{
    "name": "root",
    "gauges": {
        "FPSAgent.Policy.Entropy.mean": {
            "value": 1.1705114841461182,
            "min": 0.4962337017059326,
            "max": 2.1966896057128906,
            "count": 1000
        },
        "FPSAgent.Environment.EpisodeLength.mean": {
            "value": 511.5,
            "min": 8.0,
            "max": 999.0,
            "count": 997
        },
        "FPSAgent.Policy.ExtrinsicValueEstimate.mean": {
            "value": 13.00822925567627,
            "min": -4.512175559997559,
            "max": 560.6155395507812,
            "count": 1000
        },
        "FPSAgent.Environment.CumulativeReward.mean": {
            "value": 47.09137964248657,
            "min": -286.2730436325073,
            "max": 1177.2732543945312,
            "count": 1000
        },
        "FPSAgent.Policy.ExtrinsicReward.mean": {
            "value": 47.09137964248657,
            "min": -286.2730436325073,
            "max": 1177.2732543945312,
            "count": 1000
        },
        "FPSAgent.IsTraining.mean": {
            "value": 1.0,
            "min": 1.0,
            "max": 1.0,
            "count": 1000
        },
        "FPSAgent.Losses.ValueLoss.mean": {
            "value": 15588.8330078125,
            "min": 12.474074363708496,
            "max": 48897.53125,
            "count": 481
        },
        "FPSAgent.Losses.PolicyLoss.mean": {
            "value": 0.05905011668801308,
            "min": 0.04867241159081459,
            "max": 0.09453641623258591,
            "count": 481
        },
        "FPSAgent.Policy.LearningRate.mean": {
            "value": 1.5010697040906962e-07,
            "min": 1.5010697040906962e-07,
            "max": 0.000299375707982108,
            "count": 481
        },
        "FPSAgent.Policy.Epsilon.mean": {
            "value": 0.10004999488592148,
            "min": 0.10004999488592148,
            "max": 0.19979190826416016,
            "count": 481
        },
        "FPSAgent.Policy.Beta.mean": {
            "value": 1.2495117516664322e-05,
            "min": 1.2495117516664322e-05,
            "max": 0.004989616107195616,
            "count": 481
        }
    },
    "metadata": {
        "timer_format_version": "0.1.0",
        "start_time_seconds": "1613219948",
        "python_version": "3.6.12 |Anaconda, Inc.| (default, Sep  9 2020, 00:29:25) [MSC v.1916 64 bit (AMD64)]",
        "command_line_arguments": "D:\\projects\\anaconda3\\envs\\ml-agents\\Scripts\\mlagents-learn ./config/FPSAgent.yaml --run-id=fpsagent_onlymove_6",
        "mlagents_version": "0.17.0",
        "mlagents_envs_version": "0.17.0",
        "communication_protocol_version": "1.0.0",
        "tensorflow_version": "2.4.0",
        "end_time_seconds": "1613227836"
    },
    "total": 7887.3519857,
    "count": 1,
    "self": 0.2809792000007292,
    "children": {
        "run_training.setup": {
            "total": 0.0065933,
            "count": 1,
            "self": 0.0065933
        },
        "TrainerController.start_learning": {
            "total": 7887.0644132,
            "count": 1,
            "self": 290.36641669985147,
            "children": {
                "TrainerController._reset_env": {
                    "total": 7.5598582,
                    "count": 1,
                    "self": 7.5598582
                },
                "TrainerController.advance": {
                    "total": 7588.982875200149,
                    "count": 1002643,
                    "self": 9.753578600517358,
                    "children": {
                        "env_step": {
                            "total": 7579.229296599631,
                            "count": 1002643,
                            "self": 6716.537481699834,
                            "children": {
                                "SubprocessEnvManager._take_step": {
                                    "total": 849.4749792998737,
                                    "count": 1002643,
                                    "self": 27.318952699680494,
                                    "children": {
                                        "NNPolicy.evaluate": {
                                            "total": 822.1560266001932,
                                            "count": 1000020,
                                            "self": 822.1560266001932
                                        }
                                    }
                                },
                                "workers": {
                                    "total": 13.216835599923407,
                                    "count": 1002643,
                                    "self": 0.0,
                                    "children": {
                                        "worker_root": {
                                            "total": 7850.983489600475,
                                            "count": 1002643,
                                            "is_parallel": true,
                                            "self": 2177.7003639007553,
                                            "children": {
                                                "steps_from_proto": {
                                                    "total": 0.0002766,
                                                    "count": 1,
                                                    "is_parallel": true,
                                                    "self": 0.0001471,
                                                    "children": {
                                                        "_process_vector_observation": {
                                                            "total": 0.0001295,
                                                            "count": 2,
                                                            "is_parallel": true,
                                                            "self": 0.0001295
                                                        }
                                                    }
                                                },
                                                "UnityEnvironment.step": {
                                                    "total": 5673.28284909972,
                                                    "count": 1002643,
                                                    "is_parallel": true,
                                                    "self": 84.25969179919957,
                                                    "children": {
                                                        "UnityEnvironment._generate_step_input": {
                                                            "total": 70.38325050024386,
                                                            "count": 1002643,
                                                            "is_parallel": true,
                                                            "self": 70.38325050024386
                                                        },
                                                        "communicator.exchange": {
                                                            "total": 5269.8497036002345,
                                                            "count": 1002643,
                                                            "is_parallel": true,
                                                            "self": 5269.8497036002345
                                                        },
                                                        "steps_from_proto": {
                                                            "total": 248.7902032000424,
                                                            "count": 1002643,
                                                            "is_parallel": true,
                                                            "self": 134.49024039989894,