Steps,Policy/Entropy,Environment/Episode Length,Policy/Extrinsic Value Estimate,Environment/Cumulative Reward,Policy/Extrinsic Reward,Is Training
1000,2.8849926,38.833333333333336,-0.14724447,-14.65850337346395,-14.65850337346395,1.0
2000,2.889894,219.0,-0.14277203,-111.59301948547363,-111.59301948547363,1.0
3000,2.8793876,274.3333333333333,-0.44280753,-132.7473576863607,-132.7473576863607,1.0
