{
    "name": "root",
    "gauges": {
        "FPSAgentRaycast.Policy.Entropy.mean": {
            "value": 0.6324983239173889,
            "min": 0.5279625654220581,
            "max": 2.8897347450256348,
            "count": 10000
        },
        "FPSAgentRaycast.Environment.EpisodeLength.mean": {
            "value": 48.375,
            "min": 0.8494623655913979,
            "max": 499.0,
            "count": 9818
        },
        "FPSAgentRaycast.Policy.ExtrinsicValueEstimate.mean": {
            "value": 0.4129296839237213,
            "min": -0.9613379836082458,
            "max": 0.6335001587867737,
            "count": 10000
        },
        "FPSAgentRaycast.Environment.CumulativeReward.mean": {
            "value": 0.732564711395432,
            "min": -0.9991000331938267,
            "max": 0.9900000095367432,
            "count": 9825
        },
        "FPSAgentRaycast.Policy.ExtrinsicReward.mean": {
            "value": 0.732564711395432,
            "min": -0.9991000331938267,
            "max": 0.9900000095367432,
            "count": 9825
        },
        "FPSAgentRaycast.IsTraining.mean": {
            "value": 1.0,
            "min": 1.0,
            "max": 1.0,
            "count": 10000
        },
        "FPSAgentRaycast.Losses.ValueLoss.mean": {
            "value": 0.023094335570931435,
            "min": 5.65797733997897e-07,
            "max": 1.1010574102401733,
            "count": 4796
        },
        "FPSAgentRaycast.Losses.PolicyLoss.mean": {
            "value": 0.07714786380529404,
            "min": 0.04086197912693024,
            "max": 0.09690169245004654,
            "count": 4796
        },
        "FPSAgentRaycast.Policy.LearningRate.mean": {
            "value": 1.7820456221784298e-08,
            "min": 1.7820456221784298e-08,
            "max": 0.00029993767384439707,
            "count": 4796
        },
        "FPSAgentRaycast.Policy.Epsilon.mean": {
            "value": 0.10000591725111008,
            "min": 0.10000591725111008,
            "max": 0.19997920095920563,
            "count": 4796
        },
        "FPSAgentRaycast.Policy.Beta.mean": {
            "value": 1.0294749699824024e-05,
            "min": 1.0294749699824024e-05,
            "max": 0.004998962860554457,
            "count": 4796
        }
    },
    "metadata": {
        "timer_format_version": "0.1.0",
        "start_time_seconds": "1616418473",
        "python_version": "3.6.12 |Anaconda, Inc.| (default, Sep  9 2020, 00:29:25) [MSC v.1916 64 bit (AMD64)]",
        "command_line_arguments": "D:\\projects\\anaconda3\\envs\\ml-agents\\Scripts\\mlagents-learn ./config/RaycastObservationEx.yaml --run-id=fpsagent_raycast_moveposX_1",
        "mlagents_version": "0.17.0",
        "mlagents_envs_version": "0.17.0",
        "communication_protocol_version": "1.0.0",
        "tensorflow_version": "2.4.0",
        "end_time_seconds": "1616428423"
    },
    "total": 9950.082412200001,
    "count": 1,
    "self": 0.46268920000147773,
    "children": {
        "run_training.setup": {
            "total": 0.037377099999999996,
            "count": 1,
            "self": 0.037377099999999996
        },
        "TrainerController.start_learning": {
            "total": 9949.5823459,
            "count": 1,
            "self": 180.27801899996848,
            "children": {
                "TrainerController._reset_env": {
                    "total": 5.9079882,
                    "count": 1,
                    "self": 5.9079882
                },
                "TrainerController.advance": {
                    "total": 9763.20294910003,
                    "count": 458230,
                    "self": 5.009330300075817,
                    "children": {
                        "env_step": {
                            "total": 9758.193618799954,
                            "count": 458230,
                            "self": 9365.704442100192,
                            "children": {
                                "SubprocessEnvManager._take_step": {
                                    "total": 386.36864049986656,
                                    "count": 458230,
                                    "self": 17.209991700006128,
                                    "children": {
                                        "NNPolicy.evaluate": {
                                            "total": 369.15864879986043,
                                            "count": 370402,
                                            "self": 369.15864879986043
                                        }
                                    }
                                },
                                "workers": {
                                    "total": 6.120536199896322,
                                    "count": 458230,
                                    "self": 0.0,
                                    "children": {
                                        "worker_root": {
                                            "total": 9930.944873299735,
                                            "count": 458230,
                                            "is_parallel": true,
                                            "self": 1646.9280857997037,
                                            "children": {
                                                "steps_from_proto": {
                                                    "total": 0.0045453,
                                                    "count": 1,
                                                    "is_parallel": true,
                                                    "self": 0.0013994000000000007,
                                                    "children": {
                                                        "_process_vector_observation": {
                                                            "total": 0.0031458999999999997,
                                                            "count": 4,
                                                            "is_parallel": true,
                                                            "self": 0.0031458999999999997
                                                        }
                                                    }
                                                },
                                                "UnityEnvironment.step": {
                                                    "total": 8284.012242200031,
                                                    "count": 458230,
                                                    "is_parallel": true,
                                                    "self": 113.45863279952391,
                                                    "children": {
                                                        "UnityEnvironment._generate_step_input": {
                                                            "total": 88.44075220024234,
                                                            "count": 458230,
                                                            "is_parallel": true,
                                                            "self": 88.44075220024234
                                                        },
                                                        "communicator.exchange": {
                                                            "total": 7610.716840099861,
                                                            "count": 458230,
                                                            "is_parallel": true,
                                                            "self": 7610.716840099861
                                                        },
                                                        "steps_from_proto": {
                                                            "total": 471.3960171004042,
                                                            "count": 458230,