{
    "name": "root",
    "gauges": {
        "FPSAgent.Policy.Entropy.mean": {
            "value": 0.8039389252662659,
            "min": 0.46212080121040344,
            "max": 2.19622802734375,
            "count": 1000
        },
        "FPSAgent.Environment.EpisodeLength.mean": {
            "value": 301.6666666666667,
            "min": 7.0,
            "max": 999.0,
            "count": 997
        },
        "FPSAgent.Policy.ExtrinsicValueEstimate.mean": {
            "value": -5.357658863067627,
            "min": -13.007024765014648,
            "max": 15.476511001586914,
            "count": 1000
        },
        "FPSAgent.Environment.CumulativeReward.mean": {
            "value": -2.245461126168569,
            "min": -115.06365329027176,
            "max": 27.938282012939453,
            "count": 1000
        },
        "FPSAgent.Policy.ExtrinsicReward.mean": {
            "value": -2.245461126168569,
            "min": -115.06365329027176,
            "max": 27.938282012939453,
            "count": 1000
        },
        "FPSAgent.IsTraining.mean": {
            "value": 1.0,
            "min": 1.0,
            "max": 1.0,
            "count": 1000
        },
        "FPSAgent.Losses.ValueLoss.mean": {
            "value": 15.4329195022583,
            "min": 0.09827933460474014,
            "max": 31.186426162719727,
            "count": 481
        },
        "FPSAgent.Losses.PolicyLoss.mean": {
            "value": 0.07129141688346863,
            "min": 0.04510452225804329,
            "max": 0.09090467542409897,
            "count": 481
        },
        "FPSAgent.Policy.LearningRate.mean": {
            "value": 1.0509950953974112e-07,
            "min": 1.0509950953974112e-07,
            "max": 0.00029938051011413336,
            "count": 481
        },
        "FPSAgent.Policy.Epsilon.mean": {
            "value": 0.10003500431776047,
            "min": 0.10003500431776047,
            "max": 0.1997935026884079,
            "count": 481
        },
        "FPSAgent.Policy.Beta.mean": {
            "value": 1.1746492418751586e-05,
            "min": 1.1746492418751586e-05,
            "max": 0.004989695269614458,
            "count": 481
        }
    },
    "metadata": {
        "timer_format_version": "0.1.0",
        "start_time_seconds": "1613203161",
        "python_version": "3.6.12 |Anaconda, Inc.| (default, Sep  9 2020, 00:29:25) [MSC v.1916 64 bit (AMD64)]",
        "command_line_arguments": "D:\\projects\\anaconda3\\envs\\ml-agents\\Scripts\\mlagents-learn ./config/FPSAgent.yaml --run-id=fpsagent_onlymove_4",
        "mlagents_version": "0.17.0",
        "mlagents_envs_version": "0.17.0",
        "communication_protocol_version": "1.0.0",
        "tensorflow_version": "2.4.0",
        "end_time_seconds": "1613210494"
    },
    "total": 7333.1124411,
    "count": 1,
    "self": 0.23077770000054443,
    "children": {
        "run_training.setup": {
            "total": 0.0078945,
            "count": 1,
            "self": 0.0078945
        },
        "TrainerController.start_learning": {
            "total": 7332.8737689,
            "count": 1,
            "self": 217.66665959977217,
            "children": {
                "TrainerController._reset_env": {
                    "total": 16.7221916,
                    "count": 1,
                    "self": 16.7221916
                },
                "TrainerController.advance": {
                    "total": 7098.330883200228,
                    "count": 1003095,
                    "self": 8.640106200517039,
                    "children": {
                        "env_step": {
                            "total": 7089.690776999711,
                            "count": 1003095,
                            "self": 6329.4480204994525,
                            "children": {
                                "SubprocessEnvManager._take_step": {
                                    "total": 747.9166918999916,
                                    "count": 1003095,
                                    "self": 24.025702200127625,
                                    "children": {
                                        "NNPolicy.evaluate": {
                                            "total": 723.890989699864,
                                            "count": 1000042,
                                            "self": 723.890989699864
                                        }
                                    }
                                },
                                "workers": {
                                    "total": 12.326064600266694,
                                    "count": 1003095,
                                    "self": 0.0,
                                    "children": {
                                        "worker_root": {
                                            "total": 7294.832740799952,
                                            "count": 1003095,
                                            "is_parallel": true,
                                            "self": 1795.9817469000645,
                                            "children": {
                                                "steps_from_proto": {
                                                    "total": 0.0002763,
                                                    "count": 1,
                                                    "is_parallel": true,
                                                    "self": 0.000145,
                                                    "children": {
                                                        "_process_vector_observation": {
                                                            "total": 0.0001313,
                                                            "count": 2,
                                                            "is_parallel": true,
                                                            "self": 0.0001313
                                                        }
                                                    }
                                                },
                                                "UnityEnvironment.step": {
                                                    "total": 5498.8507175998875,
                                                    "count": 1003095,
                                                    "is_parallel": true,
                                                    "self": 62.45553089919031,
                                                    "children": {
                                                        "UnityEnvironment._generate_step_input": {
                                                            "total": 43.900648000119716,
                                                            "count": 1003095,
                                                            "is_parallel": true,
                                                            "self": 43.900648000119716
                                                        },
                                                        "communicator.exchange": {
                                                            "total": 5192.099962300387,
                                                            "count": 1003095,
                                                            "is_parallel": true,
                                                            "self": 5192.099962300387
                                                        },
                                                        "steps_from_proto": {
                                                            "total": 200.3945764001901,
                                                            "count": 1003095,
                                                            "is_parallel": true,
                                                            "self": 109.3078838006651,