{
    "name": "root",
    "gauges": {
        "FPSAgentRaycast.Policy.Entropy.mean": {
            "value": 1.7917485237121582,
            "min": 1.0804082155227661,
            "max": 2.8899765014648438,
            "count": 5000
        },
        "FPSAgentRaycast.Environment.EpisodeLength.mean": {
            "value": 284.77777777777777,
            "min": 1.7010582010582012,
            "max": 500.0,
            "count": 4775
        },
        "FPSAgentRaycast.Policy.ExtrinsicValueEstimate.mean": {
            "value": 0.014061018824577332,
            "min": -0.9284242987632751,
            "max": 0.21677614748477936,
            "count": 5000
        },
        "FPSAgentRaycast.Environment.CumulativeReward.mean": {
            "value": -0.017160017788410187,
            "min": -1.0000000298023224,
            "max": 0.9940000176429749,
            "count": 4761
        },
        "FPSAgentRaycast.Policy.ExtrinsicReward.mean": {
            "value": -0.017160017788410187,
            "min": -1.0000000298023224,
            "max": 0.9940000176429749,
            "count": 4761
        },
        "FPSAgentRaycast.IsTraining.mean": {
            "value": 1.0,
            "min": 1.0,
            "max": 1.0,
            "count": 5000
        },
        "FPSAgentRaycast.Losses.ValueLoss.mean": {
            "value": 0.008870835416018963,
            "min": 4.314807301852852e-05,
            "max": 0.7968447208404541,
            "count": 2393
        },
        "FPSAgentRaycast.Losses.PolicyLoss.mean": {
            "value": 0.07033086568117142,
            "min": 0.04497647285461426,
            "max": 0.09262164682149887,
            "count": 2393
        },
        "FPSAgentRaycast.Policy.LearningRate.mean": {
            "value": 1.9715884036486386e-08,
            "min": 1.9715884036486386e-08,
            "max": 0.00029987681773491204,
            "count": 2393
        },
        "FPSAgentRaycast.Policy.Epsilon.mean": {
            "value": 0.10000654309988022,
            "min": 0.10000654309988022,
            "max": 0.199958935379982,
            "count": 2393
        },
        "FPSAgentRaycast.Policy.Beta.mean": {
            "value": 1.0326278243155684e-05,
            "min": 1.0326278243155684e-05,
            "max": 0.00499795051291585,
            "count": 2393
        }
    },
    "metadata": {
        "timer_format_version": "0.1.0",
        "start_time_seconds": "1615614275",
        "python_version": "3.6.12 |Anaconda, Inc.| (default, Sep  9 2020, 00:29:25) [MSC v.1916 64 bit (AMD64)]",
        "command_line_arguments": "D:\\projects\\anaconda3\\envs\\ml-agents\\Scripts\\mlagents-learn ./config/RaycastObservationEx.yaml --run-id=fpsagent_raycast_3d_test_retest_wallp_3",
        "mlagents_version": "0.17.0",
        "mlagents_envs_version": "0.17.0",
        "communication_protocol_version": "1.0.0",
        "tensorflow_version": "2.4.0",
        "end_time_seconds": "1615624739"
    },
    "total": 10463.8191536,
    "count": 1,
    "self": 0.4232371999987663,
    "children": {
        "run_training.setup": {
            "total": 0.0113603,
            "count": 1,
            "self": 0.0113603
        },
        "TrainerController.start_learning": {
            "total": 10463.3845561,
            "count": 1,
            "self": 104.54586519962322,
            "children": {
                "TrainerController._reset_env": {
                    "total": 4.2876465,
                    "count": 1,
                    "self": 4.2876465
                },
                "TrainerController.advance": {
                    "total": 10354.355253700374,
                    "count": 204401,
                    "self": 2.6691244003250176,
                    "children": {
                        "env_step": {
                            "total": 10351.68612930005,
                            "count": 204401,
                            "self": 10128.449114599567,
                            "children": {
                                "SubprocessEnvManager._take_step": {
                                    "total": 220.30347540014162,
                                    "count": 204401,
                                    "self": 9.298282799574167,
                                    "children": {
                                        "NNPolicy.evaluate": {
                                            "total": 211.00519260056745,
                                            "count": 185219,
                                            "self": 211.00519260056745
                                        }
                                    }
                                },
                                "workers": {
                                    "total": 2.9335393003411054,
                                    "count": 204401,
                                    "self": 0.0,
                                    "children": {
                                        "worker_root": {
                                            "total": 10452.098003100109,
                                            "count": 204401,
                                            "is_parallel": true,
                                            "self": 818.1064574004522,
                                            "children": {
                                                "steps_from_proto": {
                                                    "total": 0.0012012,
                                                    "count": 1,
                                                    "is_parallel": true,
                                                    "self": 0.00020029999999999983,
                                                    "children": {
                                                        "_process_vector_observation": {
                                                            "total": 0.0010009,
                                                            "count": 4,
                                                            "is_parallel": true,
                                                            "self": 0.0010009
                                                        }
                                                    }
                                                },
                                                "UnityEnvironment.step": {
                                                    "total": 9633.990344499656,
                                                    "count": 204401,
                                                    "is_parallel": true,
                                                    "self": 61.659078899570886,
                                                    "children": {
                                                        "UnityEnvironment._generate_step_input": {
                                                            "total": 50.92274120012094,
                                                            "count": 204401,
                                                            "is_parallel": true,
                                                            "self": 50.92274120012094
                                                        },
                                                        "communicator.exchange": {
                                                            "total": 9269.451086800074,
                                                            "count": 204401,
                                                            "is_parallel": true,
                                                            "self": 9269.451086800074
                                                        },
                                                        "steps_from_proto": {
                                                            "total": 251.95743759989028,
                                                            "count": 204401,