{
    "name": "root",
    "gauges": {
        "FPSAgentRaycast_Truck.Policy.Entropy.mean": {
            "value": 0.49274590611457825,
            "min": 0.00027438855613581836,
            "max": 2.1970596313476562,
            "count": 6834
        },
        "FPSAgentRaycast_Truck.Policy.ExtrinsicValueEstimate.mean": {
            "value": 0.5444905757904053,
            "min": -0.18528710305690765,
            "max": 0.5608874559402466,
            "count": 8498
        },
        "FPSAgentRaycast_Truck.IsTraining.mean": {
            "value": 1.0,
            "min": 1.0,
            "max": 1.0,
            "count": 8498
        },
        "FPSAgentRaycast_Truck.Losses.ValueLoss.mean": {
            "value": 2.976608357130317e-06,
            "min": 1.7412644126579835e-07,
            "max": 0.012029380537569523,
            "count": 3148
        },
        "FPSAgentRaycast_Truck.Losses.PolicyLoss.mean": {
            "value": 0.07948102802038193,
            "min": 0.0487033911049366,
            "max": 0.09660112112760544,
            "count": 3148
        },
        "FPSAgentRaycast_Truck.Policy.LearningRate.mean": {
            "value": 4.506116238189861e-05,
            "min": 4.506116238189861e-05,
            "max": 0.0002999097923748195,
            "count": 3148
        },
        "FPSAgentRaycast_Truck.Policy.Epsilon.mean": {
            "value": 0.11502034217119217,
            "min": 0.11502034217119217,
            "max": 0.19996993243694305,
            "count": 3148
        },
        "FPSAgentRaycast_Truck.Policy.Beta.mean": {
            "value": 0.0007595158531330526,
            "min": 0.0007595158531330526,
            "max": 0.004998498596251011,
            "count": 3148
        },
        "FPSAgentRaycast_Truck.Environment.EpisodeLength.mean": {
            "value": 499.0,
            "min": 499.0,
            "max": 499.0,
            "count": 629
        },
        "FPSAgentRaycast_Truck.Environment.CumulativeReward.mean": {
            "value": 2.572000030428171,
            "min": -0.9830857398254531,
            "max": 2.860000044107437,
            "count": 1572
        },
        "FPSAgentRaycast_Truck.Policy.ExtrinsicReward.mean": {
            "value": 2.572000030428171,
            "min": -0.9830857398254531,
            "max": 2.860000044107437,
            "count": 1572
        }
    },
    "metadata": {
        "timer_format_version": "0.1.0",
        "start_time_seconds": "1617077679",
        "python_version": "3.6.12 |Anaconda, Inc.| (default, Sep  9 2020, 00:29:25) [MSC v.1916 64 bit (AMD64)]",
        "command_line_arguments": "D:\\projects\\anaconda3\\envs\\ml-agents\\Scripts\\mlagents-learn ./config/FPSAgent_Truck.yaml --run-id=fpsagent_Truck_test_3",
        "mlagents_version": "0.17.0",
        "mlagents_envs_version": "0.17.0",
        "communication_protocol_version": "1.0.0",
        "tensorflow_version": "2.4.0",
        "end_time_seconds": "1617099982"
    },
    "total": 22302.718984400002,
    "count": 1,
    "self": 0.09909669999979087,
    "children": {
        "run_training.setup": {
            "total": 0.0074714000000000004,
            "count": 1,
            "self": 0.0074714000000000004
        },
        "TrainerController.start_learning": {
            "total": 22302.612416300002,
            "count": 1,
            "self": 127.69356319989674,
            "children": {
                "TrainerController._reset_env": {
                    "total": 7.3510187,
                    "count": 1,
                    "self": 7.3510187
                },
                "TrainerController.advance": {
                    "total": 22167.381575200106,
                    "count": 314806,
                    "self": 2.932382600447454,
                    "children": {
                        "env_step": {
                            "total": 22164.44919259966,
                            "count": 314806,
                            "self": 21874.85294609978,
                            "children": {
                                "SubprocessEnvManager._take_step": {
                                    "total": 285.5288822998639,
                                    "count": 314806,
                                    "self": 11.737573899816653,
                                    "children": {
                                        "NNPolicy.evaluate": {
                                            "total": 273.7913084000472,
                                            "count": 314806,
                                            "self": 273.7913084000472
                                        }
                                    }
                                },
                                "workers": {
                                    "total": 4.067364200015101,
                                    "count": 314805,
                                    "self": 0.0,
                                    "children": {
                                        "worker_root": {
                                            "total": 22286.78858010018,
                                            "count": 314805,
                                            "is_parallel": true,
                                            "self": 1220.006274600837,
                                            "children": {
                                                "steps_from_proto": {
                                                    "total": 0.0013625,
                                                    "count": 1,
                                                    "is_parallel": true,
                                                    "self": 0.00023630000000000005,
                                                    "children": {
                                                        "_process_vector_observation": {
                                                            "total": 0.0011262,
                                                            "count": 4,
                                                            "is_parallel": true,
                                                            "self": 0.0011262
                                                        }
                                                    }
                                                },
                                                "UnityEnvironment.step": {
                                                    "total": 21066.780942999343,
                                                    "count": 314805,
                                                    "is_parallel": true,
                                                    "self": 89.16768209903603,
                                                    "children": {
                                                        "UnityEnvironment._generate_step_input": {
                                                            "total": 70.1312447002631,
                                                            "count": 314805,
                                                            "is_parallel": true,
                                                            "self": 70.1312447002631
                                                        },
                                                        "communicator.exchange": {
                                                            "total": 20527.592570299556,
                                                            "count": 314805,
                                                            "is_parallel": true,
                                                            "self": 20527.592570299556
                                                        },
                                                        "steps_from_proto": {
                                                            "total": 379.8894459004895,
                                                            "count": 314805,