{
    "name": "root",
    "gauges": {
        "FPSAgent_Visual_Lstm.Policy.Entropy.mean": {
            "value": 1.955335021018982,
            "min": 1.955335021018982,
            "max": 2.804513692855835,
            "count": 10
        },
        "FPSAgent_Visual_Lstm.Environment.EpisodeLength.mean": {
            "value": 784.6031746031746,
            "min": 2.0055855855855858,
            "max": 784.6031746031746,
            "count": 10
        },
        "FPSAgent_Visual_Lstm.Policy.ExtrinsicValueEstimate.mean": {
            "value": -0.019281931221485138,
            "min": -0.8780006766319275,
            "max": 0.02877972461283207,
            "count": 10
        },
        "FPSAgent_Visual_Lstm.Environment.CumulativeReward.mean": {
            "value": -0.5625365421412483,
            "min": -0.9343228808176987,
            "max": -0.1833278563680108,
            "count": 10
        },
        "FPSAgent_Visual_Lstm.Policy.ExtrinsicReward.mean": {
            "value": -0.5625365421412483,
            "min": -0.9343228808176987,
            "max": -0.1833278563680108,
            "count": 10
        },
        "FPSAgent_Visual_Lstm.Losses.ValueLoss.mean": {
            "value": 0.0020008357241749763,
            "min": 0.001961678732186556,
            "max": 0.2396141141653061,
            "count": 10
        },
        "FPSAgent_Visual_Lstm.Losses.PolicyLoss.mean": {
            "value": 0.02609712816774845,
            "min": 0.021967198699712753,
            "max": 0.02609712816774845,
            "count": 10
        },
        "FPSAgent_Visual_Lstm.Policy.LearningRate.mean": {
            "value": 1.6575815607211553e-05,
            "min": 1.6575815607211553e-05,
            "max": 0.0002846194547601044,
            "count": 10
        },
        "FPSAgent_Visual_Lstm.Policy.Epsilon.mean": {
            "value": 0.10552523285150528,
            "min": 0.10552523285150528,
            "max": 0.1948731392621994,
            "count": 10
        },
        "FPSAgent_Visual_Lstm.Policy.Beta.mean": {
            "value": 0.00028570945141837,
            "min": 0.00028570945141837,
            "max": 0.004744170233607292,
            "count": 10
        },
        "FPSAgent_Visual_Lstm.IsTraining.mean": {
            "value": 1.0,
            "min": 1.0,
            "max": 1.0,
            "count": 10
        }
    },
    "metadata": {
        "timer_format_version": "0.1.0",
        "start_time_seconds": "1616745882",
        "python_version": "3.6.12 |Anaconda, Inc.| (default, Sep  9 2020, 00:29:25) [MSC v.1916 64 bit (AMD64)]",
        "command_line_arguments": "D:\\projects\\anaconda3\\envs\\ml-agents\\Scripts\\mlagents-learn ./config/FPSAgent_Visual_lstm.yaml --run-id=fpsagent_Visual_lstm_test1",
        "mlagents_version": "0.17.0",
        "mlagents_envs_version": "0.17.0",
        "communication_protocol_version": "1.0.0",
        "tensorflow_version": "2.4.0",
        "end_time_seconds": "1616749757"
    },
    "total": 3874.3794040000002,
    "count": 1,
    "self": 0.3385137999998733,
    "children": {
        "run_training.setup": {
            "total": 0.007844,
            "count": 1,
            "self": 0.007844
        },
        "TrainerController.start_learning": {
            "total": 3874.0330462,
            "count": 1,
            "self": 13.012529299998278,
            "children": {
                "TrainerController._reset_env": {
                    "total": 12.9274494,
                    "count": 1,
                    "self": 12.9274494
                },
                "TrainerController.advance": {
                    "total": 3847.7673507000013,
                    "count": 23046,
                    "self": 0.25738789998922584,
                    "children": {
                        "env_step": {
                            "total": 3847.509962800012,
                            "count": 23046,
                            "self": 3672.4468642999527,
                            "children": {
                                "SubprocessEnvManager._take_step": {
                                    "total": 174.58717760002227,
                                    "count": 23046,
                                    "self": 1.0399066000497896,
                                    "children": {
                                        "NNPolicy.evaluate": {
                                            "total": 173.54727099997248,
                                            "count": 18557,
                                            "self": 173.54727099997248
                                        }
                                    }
                                },
                                "workers": {
                                    "total": 0.47592090003710474,
                                    "count": 23046,
                                    "self": 0.0,
                                    "children": {
                                        "worker_root": {
                                            "total": 3846.4880778000384,
                                            "count": 23046,
                                            "is_parallel": true,
                                            "self": 1539.6363415000337,
                                            "children": {
                                                "steps_from_proto": {
                                                    "total": 0.0309239,
                                                    "count": 1,
                                                    "is_parallel": true,
                                                    "self": 0.00034910000000000496,
                                                    "children": {
                                                        "_process_visual_observation": {
                                                            "total": 0.030574799999999996,
                                                            "count": 2,
                                                            "is_parallel": true,
                                                            "self": 0.005352299999999994,
                                                            "children": {
                                                                "observation_to_np_array": {
                                                                    "total": 0.025222500000000002,
                                                                    "count": 27,
                                                                    "is_parallel": true,
                                                                    "self": 0.00044759999999999245,
                                                                    "children": {
                                                                        "process_pixels": {
                                                                            "total": 0.02477490000000001,
                                                                            "count": 27,
                                                                            "is_parallel": true,
                                                                            "self": 0.004985100000000013,
                                                                            "children": {
                                                                                "image_decompress": {
                                                                                    "total": 0.019789799999999996,
                                                                                    "count": 27,
                                                                                    "is_parallel": true,