{
    "name": "root",
    "gauges": {
        "FPSAgent.Policy.Entropy.mean": {
            "value": 0.9655306339263916,
            "min": 0.9655306339263916,
            "max": 1.0985764265060425,
            "count": 14
        },
        "FPSAgent.Environment.EpisodeLength.mean": {
            "value": 86.75,
            "min": 78.5,
            "max": 99.0,
            "count": 14
        },
        "FPSAgent.Policy.ExtrinsicValueEstimate.mean": {
            "value": -2.49483323097229,
            "min": -2.538703441619873,
            "max": -0.2090393751859665,
            "count": 14
        },
        "FPSAgent.Environment.CumulativeReward.mean": {
            "value": -5.882725542241877,
            "min": -9.999997854232788,
            "max": -5.3999983469645185,
            "count": 14
        },
        "FPSAgent.Policy.ExtrinsicReward.mean": {
            "value": -5.882725542241877,
            "min": -9.999997854232788,
            "max": -5.3999983469645185,
            "count": 14
        },
        "FPSAgent.IsTraining.mean": {
            "value": 1.0,
            "min": 1.0,
            "max": 1.0,
            "count": 14
        },
        "FPSAgent.Losses.ValueLoss.mean": {
            "value": 0.7524850964546204,
            "min": 0.7524850964546204,
            "max": 2.1470205783843994,
            "count": 6
        },
        "FPSAgent.Losses.PolicyLoss.mean": {
            "value": 0.06864321976900101,
            "min": 0.06234584376215935,
            "max": 0.081200011074543,
            "count": 6
        },
        "FPSAgent.Policy.LearningRate.mean": {
            "value": 0.0002962572034448385,
            "min": 0.0002962572034448385,
            "max": 0.0002993838570546359,
            "count": 6
        },
        "FPSAgent.Policy.Epsilon.mean": {
            "value": 0.19875240325927734,
            "min": 0.19875240325927734,
            "max": 0.19979460537433624,
            "count": 6
        },
        "FPSAgent.Policy.Beta.mean": {
            "value": 0.004937745165079832,
            "min": 0.004937745165079832,
            "max": 0.004989750683307648,
            "count": 6
        }
    },
    "metadata": {
        "timer_format_version": "0.1.0",
        "start_time_seconds": "1613043475",
        "python_version": "3.6.12 |Anaconda, Inc.| (default, Sep  9 2020, 00:29:25) [MSC v.1916 64 bit (AMD64)]",
        "command_line_arguments": "D:\\projects\\anaconda3\\envs\\ml-agents\\Scripts\\mlagents-learn ./config/FPSAgent.yaml --run-id=fpsagent_onlyx_onlymove_1",
        "mlagents_version": "0.17.0",
        "mlagents_envs_version": "0.17.0",
        "communication_protocol_version": "1.0.0",
        "tensorflow_version": "2.4.0",
        "end_time_seconds": "1613043591"
    },
    "total": 115.7536923,
    "count": 1,
    "self": 0.006023599999991802,
    "children": {
        "run_training.setup": {
            "total": 0.0222657,
            "count": 1,
            "self": 0.0222657
        },
        "TrainerController.start_learning": {
            "total": 115.725403,
            "count": 1,
            "self": 4.706545000000574,
            "children": {
                "TrainerController._reset_env": {
                    "total": 3.6352138000000003,
                    "count": 1,
                    "self": 3.6352138000000003
                },
                "TrainerController.advance": {
                    "total": 107.19167699999943,
                    "count": 14864,
                    "self": 0.13041649999918548,
                    "children": {
                        "env_step": {
                            "total": 107.06126050000024,
                            "count": 14864,
                            "self": 95.56053989999937,
                            "children": {
                                "SubprocessEnvManager._take_step": {
                                    "total": 11.32038590000031,
                                    "count": 14864,
                                    "self": 0.3543737000003713,
                                    "children": {
                                        "NNPolicy.evaluate": {
                                            "total": 10.96601219999994,
                                            "count": 14777,
                                            "self": 10.96601219999994
                                        }
                                    }
                                },
                                "workers": {
                                    "total": 0.18033470000055996,
                                    "count": 14863,
                                    "self": 0.0,
                                    "children": {
                                        "worker_root": {
                                            "total": 111.40912780000048,
                                            "count": 14863,
                                            "is_parallel": true,
                                            "self": 29.23989260000053,
                                            "children": {
                                                "steps_from_proto": {
                                                    "total": 0.0034945,
                                                    "count": 1,
                                                    "is_parallel": true,
                                                    "self": 0.0013008000000000004,
                                                    "children": {
                                                        "_process_vector_observation": {
                                                            "total": 0.0021937,
                                                            "count": 2,
                                                            "is_parallel": true,
                                                            "self": 0.0021937
                                                        }
                                                    }
                                                },
                                                "UnityEnvironment.step": {
                                                    "total": 82.16574069999994,
                                                    "count": 14863,
                                                    "is_parallel": true,
                                                    "self": 1.0690606000001992,
                                                    "children": {
                                                        "UnityEnvironment._generate_step_input": {
                                                            "total": 0.9053756999998893,
                                                            "count": 14863,
                                                            "is_parallel": true,
                                                            "self": 0.9053756999998893
                                                        },
                                                        "communicator.exchange": {
                                                            "total": 77.01842200000006,
                                                            "count": 14863,
                                                            "is_parallel": true,
                                                            "self": 77.01842200000006
                                                        },
                                                        "steps_from_proto": {
                                                            "total": 3.172882399999791,
                                                            "count": 14863,
                                                            "is_parallel": true,
                                                            "self": 1.6856829999989467,