{
    "name": "root",
    "gauges": {
        "FPSAgent.Policy.Entropy.mean": {
            "value": 1.8445568084716797,
            "min": 1.169198989868164,
            "max": 2.1967523097991943,
            "count": 163
        },
        "FPSAgent.Environment.EpisodeLength.mean": {
            "value": 999.0,
            "min": 43.0,
            "max": 999.0,
            "count": 163
        },
        "FPSAgent.Policy.ExtrinsicValueEstimate.mean": {
            "value": -181.73947143554688,
            "min": -214.66552734375,
            "max": 1.195481300354004,
            "count": 163
        },
        "FPSAgent.Environment.CumulativeReward.mean": {
            "value": -15845.306884765625,
            "min": -20180.169921875,
            "max": 100.0,
            "count": 163
        },
        "FPSAgent.Policy.ExtrinsicReward.mean": {
            "value": -15845.306884765625,
            "min": -20180.169921875,
            "max": 100.0,
            "count": 163
        },
        "FPSAgent.IsTraining.mean": {
            "value": 1.0,
            "min": 1.0,
            "max": 1.0,
            "count": 163
        },
        "FPSAgent.Losses.ValueLoss.mean": {
            "value": 31855.2890625,
            "min": 17267.837890625,
            "max": 54480.61328125,
            "count": 78
        },
        "FPSAgent.Losses.PolicyLoss.mean": {
            "value": 0.08234990388154984,
            "min": 0.050378087908029556,
            "max": 0.08508703857660294,
            "count": 78
        },
        "FPSAgent.Policy.LearningRate.mean": {
            "value": 0.0002516043314244598,
            "min": 0.0002516043314244598,
            "max": 0.00029938051011413336,
            "count": 78
        },
        "FPSAgent.Policy.Epsilon.mean": {
            "value": 0.18386811017990112,
            "min": 0.18386811017990112,
            "max": 0.1997935026884079,
            "count": 78
        },
        "FPSAgent.Policy.Beta.mean": {
            "value": 0.004195018205791712,
            "min": 0.004195018205791712,
            "max": 0.004989695269614458,
            "count": 78
        }
    },
    "metadata": {
        "timer_format_version": "0.1.0",
        "start_time_seconds": "1613201903",
        "python_version": "3.6.12 |Anaconda, Inc.| (default, Sep  9 2020, 00:29:25) [MSC v.1916 64 bit (AMD64)]",
        "command_line_arguments": "D:\\projects\\anaconda3\\envs\\ml-agents\\Scripts\\mlagents-learn ./config/FPSAgent.yaml --run-id=fpsagent_onlymove_3",
        "mlagents_version": "0.17.0",
        "mlagents_envs_version": "0.17.0",
        "communication_protocol_version": "1.0.0",
        "tensorflow_version": "2.4.0",
        "end_time_seconds": "1613203008"
    },
    "total": 1105.2783615,
    "count": 1,
    "self": 0.005459500000142725,
    "children": {
        "run_training.setup": {
            "total": 0.0156992,
            "count": 1,
            "self": 0.0156992
        },
        "TrainerController.start_learning": {
            "total": 1105.2572028,
            "count": 1,
            "self": 39.65255760001105,
            "children": {
                "TrainerController._reset_env": {
                    "total": 24.7387826,
                    "count": 1,
                    "self": 24.7387826
                },
                "TrainerController.advance": {
                    "total": 1040.594136799989,
                    "count": 163458,
                    "self": 1.3670812999748705,
                    "children": {
                        "env_step": {
                            "total": 1039.227055500014,
                            "count": 163458,
                            "self": 913.340951199962,
                            "children": {
                                "SubprocessEnvManager._take_step": {
                                    "total": 123.97315590004625,
                                    "count": 163458,
                                    "self": 3.9219623000490884,
                                    "children": {
                                        "NNPolicy.evaluate": {
                                            "total": 120.05119359999716,
                                            "count": 163291,
                                            "self": 120.05119359999716
                                        }
                                    }
                                },
                                "workers": {
                                    "total": 1.9129484000058277,
                                    "count": 163457,
                                    "self": 0.0,
                                    "children": {
                                        "worker_root": {
                                            "total": 1076.3495039000013,
                                            "count": 163457,
                                            "is_parallel": true,
                                            "self": 307.91490830000635,
                                            "children": {
                                                "steps_from_proto": {
                                                    "total": 0.0037934,
                                                    "count": 1,
                                                    "is_parallel": true,
                                                    "self": 0.0015136000000000004,
                                                    "children": {
                                                        "_process_vector_observation": {
                                                            "total": 0.0022798,
                                                            "count": 2,
                                                            "is_parallel": true,
                                                            "self": 0.0022798
                                                        }
                                                    }
                                                },
                                                "UnityEnvironment.step": {
                                                    "total": 768.430802199995,
                                                    "count": 163457,
                                                    "is_parallel": true,
                                                    "self": 11.66283530000669,
                                                    "children": {
                                                        "UnityEnvironment._generate_step_input": {
                                                            "total": 9.523715200003451,
                                                            "count": 163457,
                                                            "is_parallel": true,
                                                            "self": 9.523715200003451
                                                        },
                                                        "communicator.exchange": {
                                                            "total": 712.3357440999963,
                                                            "count": 163457,
                                                            "is_parallel": true,
                                                            "self": 712.3357440999963
                                                        },
                                                        "steps_from_proto": {
                                                            "total": 34.90850759998848,
                                                            "count": 163457,
                                                            "is_parallel": true,
                                                            "self": 18.635556600008535,