Steps,Policy/Extrinsic Value Estimate,Environment/Cumulative Reward,Policy/Extrinsic Reward,Policy/Entropy,Environment/Episode Length,Is Training
2000,0.25998494,-243.00874185562134,-243.00874185562134,2.1958437,999.0,1.0
3000,-0.16223311,-70.35021018981934,-70.35021018981934,2.1899843,999.0,1.0
4000,-0.20704103,-78.02525854110718,-78.02525854110718,2.1912982,999.0,1.0
5000,-0.5104183,-116.6562876701355,-116.6562876701355,2.1805444,999.0,1.0
