{
    "name": "root",
    "gauges": {
        "FPSAgentRaycast.Policy.Entropy.mean": {
            "value": 1.7915878295898438,
            "min": 1.79118812084198,
            "max": 1.7915878295898438,
            "count": 2
        },
        "FPSAgentRaycast.Environment.EpisodeLength.mean": {
            "value": 4.923076923076923,
            "min": 4.923076923076923,
            "max": 4.923076923076923,
            "count": 1
        },
        "FPSAgentRaycast.Policy.ExtrinsicValueEstimate.mean": {
            "value": -0.039653271436691284,
            "min": -0.039653271436691284,
            "max": -0.010950252413749695,
            "count": 2
        },
        "FPSAgentRaycast.Environment.CumulativeReward.mean": {
            "value": 0.9901384631028542,
            "min": 0.9901384631028542,
            "max": 0.9901384631028542,
            "count": 1
        },
        "FPSAgentRaycast.Policy.ExtrinsicReward.mean": {
            "value": 0.9901384631028542,
            "min": 0.9901384631028542,
            "max": 0.9901384631028542,
            "count": 1
        },
        "FPSAgentRaycast.IsTraining.mean": {
            "value": 1.0,
            "min": 1.0,
            "max": 1.0,
            "count": 2
        }
    },
    "metadata": {
        "timer_format_version": "0.1.0",
        "start_time_seconds": "1614787373",
        "python_version": "3.6.12 |Anaconda, Inc.| (default, Sep  9 2020, 00:29:25) [MSC v.1916 64 bit (AMD64)]",
        "command_line_arguments": "D:\\projects\\anaconda3\\envs\\ml-agents\\Scripts\\mlagents-learn ./config/RaycastObservationEx.yaml --run-id=fpsagent_raycast_test4",
        "mlagents_version": "0.17.0",
        "mlagents_envs_version": "0.17.0",
        "communication_protocol_version": "1.0.0",
        "tensorflow_version": "2.4.0",
        "end_time_seconds": "1614787384"
    },
    "total": 11.1256561,
    "count": 1,
    "self": 0.004683299999999946,
    "children": {
        "run_training.setup": {
            "total": 0.0077262,
            "count": 1,
            "self": 0.0077262
        },
        "TrainerController.start_learning": {
            "total": 11.1132466,
            "count": 1,
            "self": 1.1175586999999947,
            "children": {
                "TrainerController._reset_env": {
                    "total": 4.1141607,
                    "count": 1,
                    "self": 4.1141607
                },
                "TrainerController.advance": {
                    "total": 5.681420500000004,
                    "count": 139,
                    "self": 0.001375799999999927,
                    "children": {
                        "env_step": {
                            "total": 5.680044700000004,
                            "count": 139,
                            "self": 5.363937900000005,
                            "children": {
                                "SubprocessEnvManager._take_step": {
                                    "total": 0.3145922999999966,
                                    "count": 139,
                                    "self": 0.0050840999999932635,
                                    "children": {
                                        "NNPolicy.evaluate": {
                                            "total": 0.30950820000000334,
                                            "count": 137,
                                            "self": 0.30950820000000334
                                        }
                                    }
                                },
                                "workers": {
                                    "total": 0.0015145000000025277,
                                    "count": 138,
                                    "self": 0.0,
                                    "children": {
                                        "worker_root": {
                                            "total": 6.533554000000002,
                                            "count": 138,
                                            "is_parallel": true,
                                            "self": 1.5235175000000005,
                                            "children": {
                                                "steps_from_proto": {
                                                    "total": 0.0009452,
                                                    "count": 1,
                                                    "is_parallel": true,
                                                    "self": 0.00018599999999999997,
                                                    "children": {
                                                        "_process_vector_observation": {
                                                            "total": 0.0007592,
                                                            "count": 4,
                                                            "is_parallel": true,
                                                            "self": 0.0007592
                                                        }
                                                    }
                                                },
                                                "UnityEnvironment.step": {
                                                    "total": 5.0090913000000015,
                                                    "count": 138,
                                                    "is_parallel": true,
                                                    "self": 0.03198820000000957,
                                                    "children": {
                                                        "UnityEnvironment._generate_step_input": {
                                                            "total": 0.029414799999997965,
                                                            "count": 138,
                                                            "is_parallel": true,
                                                            "self": 0.029414799999997965
                                                        },
                                                        "communicator.exchange": {
                                                            "total": 4.819819699999999,
                                                            "count": 138,
                                                            "is_parallel": true,
                                                            "self": 4.819819699999999
                                                        },
                                                        "steps_from_proto": {
                                                            "total": 0.127868599999995,
                                                            "count": 138,
                                                            "is_parallel": true,
                                                            "self": 0.02410159999999628,
                                                            "children": {
                                                                "_process_vector_observation": {
                                                                    "total": 0.10376699999999872,
                                                                    "count": 552,
                                                                    "is_parallel": true,