{
    "name": "root",
    "gauges": {
        "FPSAgentRaycast.Policy.Entropy.mean": {
            "value": 0.3051348924636841,
            "min": 0.08235242962837219,
            "max": 2.88972806930542,
            "count": 8275
        },
        "FPSAgentRaycast.Environment.EpisodeLength.mean": {
            "value": 499.0,
            "min": 0.9452054794520548,
            "max": 499.0,
            "count": 6955
        },
        "FPSAgentRaycast.Policy.ExtrinsicValueEstimate.mean": {
            "value": -0.1994999647140503,
            "min": -0.9491806626319885,
            "max": 0.07905338704586029,
            "count": 8275
        },
        "FPSAgentRaycast.Environment.CumulativeReward.mean": {
            "value": -0.9983000364154577,
            "min": -1.0000000298023224,
            "max": 0.878000020980835,
            "count": 7030
        },
        "FPSAgentRaycast.Policy.ExtrinsicReward.mean": {
            "value": -0.9983000364154577,
            "min": -1.0000000298023224,
            "max": 0.878000020980835,
            "count": 7030
        },
        "FPSAgentRaycast.IsTraining.mean": {
            "value": 1.0,
            "min": 1.0,
            "max": 1.0,
            "count": 8275
        },
        "FPSAgentRaycast.Losses.ValueLoss.mean": {
            "value": 6.403323027370789e-08,
            "min": 1.003403138355452e-08,
            "max": 0.8081722855567932,
            "count": 3971
        },
        "FPSAgentRaycast.Losses.PolicyLoss.mean": {
            "value": 0.06158455088734627,
            "min": 0.03877868503332138,
            "max": 0.09401271492242813,
            "count": 3971
        },
        "FPSAgentRaycast.Policy.LearningRate.mean": {
            "value": 5.178365609026514e-05,
            "min": 5.178365609026514e-05,
            "max": 0.0002999382559210062,
            "count": 3971
        },
        "FPSAgentRaycast.Policy.Epsilon.mean": {
            "value": 0.11726119369268417,
            "min": 0.11726119369268417,
            "max": 0.19997942447662354,
            "count": 3971
        },
        "FPSAgentRaycast.Policy.Beta.mean": {
            "value": 0.0008713333518244326,
            "min": 0.0008713333518244326,
            "max": 0.00499897263944149,
            "count": 3971
        }
    },
    "metadata": {
        "timer_format_version": "0.1.0",
        "start_time_seconds": "1616379103",
        "python_version": "3.6.12 |Anaconda, Inc.| (default, Sep  9 2020, 00:29:25) [MSC v.1916 64 bit (AMD64)]",
        "command_line_arguments": "D:\\projects\\anaconda3\\envs\\ml-agents\\Scripts\\mlagents-learn ./config/RaycastObservationEx.yaml --run-id=fpsagent_raycast_movepos_3",
        "mlagents_version": "0.17.0",
        "mlagents_envs_version": "0.17.0",
        "communication_protocol_version": "1.0.0",
        "tensorflow_version": "2.4.0",
        "end_time_seconds": "1616385766"
    },
    "total": 6662.9513693,
    "count": 1,
    "self": 0.005075199999737379,
    "children": {
        "run_training.setup": {
            "total": 0.0076902,
            "count": 1,
            "self": 0.0076902
        },
        "TrainerController.start_learning": {
            "total": 6662.9386039,
            "count": 1,
            "self": 108.9349614000921,
            "children": {
                "TrainerController._reset_env": {
                    "total": 18.3871657,
                    "count": 1,
                    "self": 18.3871657
                },
                "TrainerController.advance": {
                    "total": 6535.408832399908,
                    "count": 323618,
                    "self": 3.008998899648759,
                    "children": {
                        "env_step": {
                            "total": 6532.399833500259,
                            "count": 323618,
                            "self": 6225.573789000154,
                            "children": {
                                "SubprocessEnvManager._take_step": {
                                    "total": 302.7758867000422,
                                    "count": 323618,
                                    "self": 11.18203059986638,
                                    "children": {
                                        "NNPolicy.evaluate": {
                                            "total": 291.5938561001758,
                                            "count": 306542,
                                            "self": 291.5938561001758
                                        }
                                    }
                                },
                                "workers": {
                                    "total": 4.050157800062905,
                                    "count": 323617,
                                    "self": 0.0,
                                    "children": {
                                        "worker_root": {
                                            "total": 6635.981207600044,
                                            "count": 323617,
                                            "is_parallel": true,
                                            "self": 1241.7323322999555,
                                            "children": {
                                                "steps_from_proto": {
                                                    "total": 0.0013141,
                                                    "count": 1,
                                                    "is_parallel": true,
                                                    "self": 0.00022279999999999956,
                                                    "children": {
                                                        "_process_vector_observation": {
                                                            "total": 0.0010913000000000003,
                                                            "count": 4,
                                                            "is_parallel": true,
                                                            "self": 0.0010913000000000003
                                                        }
                                                    }
                                                },
                                                "UnityEnvironment.step": {
                                                    "total": 5394.247561200089,
                                                    "count": 323617,
                                                    "is_parallel": true,
                                                    "self": 86.5587140999778,
                                                    "children": {
                                                        "UnityEnvironment._generate_step_input": {
                                                            "total": 68.15658919999527,
                                                            "count": 323617,
                                                            "is_parallel": true,
                                                            "self": 68.15658919999527
                                                        },
                                                        "communicator.exchange": {
                                                            "total": 4872.440838800039,
                                                            "count": 323617,
                                                            "is_parallel": true,
                                                            "self": 4872.440838800039
                                                        },
                                                        "steps_from_proto": {
                                                            "total": 367.09141910007645,
                                                            "count": 323617,