Steps,Policy/Entropy,Environment/Episode Length,Policy/Extrinsic Value Estimate,Environment/Cumulative Reward,Policy/Extrinsic Reward,Is Training
1000,1.0969844,90.0,-0.14011489,-7.918998146057129,-7.918998146057129,1.0
2000,1.0982552,99.0,-0.18004814,-9.909997940063477,-9.909997940063477,1.0
3000,1.0973164,99.0,-0.51617986,-9.909997940063477,-9.909997940063477,1.0
4000,1.0977037,99.0,-0.5650846,-9.909997940063477,-9.909997940063477,1.0
