{
    "name": "root",
    "metadata": {
        "timer_format_version": "0.1.0",
        "start_time_seconds": "1615492252",
        "python_version": "3.6.12 |Anaconda, Inc.| (default, Sep  9 2020, 00:29:25) [MSC v.1916 64 bit (AMD64)]",
        "command_line_arguments": "D:\\projects\\anaconda3\\envs\\ml-agents\\Scripts\\mlagents-learn ./config/FPSAgent_currient.yaml --run-id=fpsagent_raycast_curri_test10",
        "mlagents_version": "0.17.0",
        "mlagents_envs_version": "0.17.0",
        "communication_protocol_version": "1.0.0",
        "tensorflow_version": "2.4.0",
        "end_time_seconds": "1615492323"
    },
    "total": 70.7942237,
    "count": 1,
    "self": 0.005825600000008535,
    "children": {
        "run_training.setup": {
            "total": 0.0077274,
            "count": 1,
            "self": 0.0077274
        },
        "TrainerController.start_learning": {
            "total": 70.7806707,
            "count": 1,
            "self": 1.2976990000000086,
            "children": {
                "TrainerController._reset_env": {
                    "total": 9.1970974,
                    "count": 1,
                    "self": 9.1970974
                },
                "TrainerController.advance": {
                    "total": 60.00215169999999,
                    "count": 1,
                    "self": 1.3199999997937084e-05,
                    "children": {
                        "env_step": {
                            "total": 60.002138499999994,
                            "count": 1,
                            "self": 60.002130599999994,
                            "children": {
                                "SubprocessEnvManager._take_step": {
                                    "total": 7.899999999949614e-06,
                                    "count": 1,
                                    "self": 7.899999999949614e-06
                                }
                            }
                        }
                    }
                },
                "TrainerController._save_model": {
                    "total": 0.2837226000000044,
                    "count": 1,
                    "self": 0.00037640000000749296,
                    "children": {
                        "Trainer.save_model": {
                            "total": 0.2833461999999969,
                            "count": 1,
                            "self": 0.2833461999999969
                        }
                    }
                }
            }
        }
    }
}