{
    "name": "root",
    "gauges": {
        "FPSAgent.Policy.Entropy.mean": {
            "value": 0.14044974744319916,
            "min": 0.11098862439393997,
            "max": 1.791528344154358,
            "count": 348
        },
        "FPSAgent.Policy.ExtrinsicValueEstimate.mean": {
            "value": 8.56314754486084,
            "min": -0.6375669240951538,
            "max": 8.653020858764648,
            "count": 348
        },
        "FPSAgent.Environment.EpisodeLength.mean": {
            "value": 10.1,
            "min": 9.268041237113403,
            "max": 340.3333333333333,
            "count": 348
        },
        "FPSAgent.Environment.CumulativeReward.mean": {
            "value": 9.180666791068184,
            "min": -45.699989438056946,
            "max": 9.207529449462891,
            "count": 348
        },
        "FPSAgent.Policy.ExtrinsicReward.mean": {
            "value": 9.180666791068184,
            "min": -45.699989438056946,
            "max": 9.207529449462891,
            "count": 348
        },
        "FPSAgent.IsTraining.mean": {
            "value": 1.0,
            "min": 1.0,
            "max": 1.0,
            "count": 348
        },
        "FPSAgent.Losses.ValueLoss.mean": {
            "value": 1.264309048652649,
            "min": 0.9411234259605408,
            "max": 15.880114555358887,
            "count": 168
        },
        "FPSAgent.Losses.PolicyLoss.mean": {
            "value": 0.07546907663345337,
            "min": 0.046185147017240524,
            "max": 0.08663368225097656,
            "count": 168
        },
        "FPSAgent.Policy.LearningRate.mean": {
            "value": 0.00019598765356931835,
            "min": 0.00019598765356931835,
            "max": 0.00029938411898911,
            "count": 168
        },
        "FPSAgent.Policy.Epsilon.mean": {
            "value": 0.1653292030096054,
            "min": 0.1653292030096054,
            "max": 0.1997947096824646,
            "count": 168
        },
        "FPSAgent.Policy.Beta.mean": {
            "value": 0.003269927343353629,
            "min": 0.003269927343353629,
            "max": 0.0049897548742592335,
            "count": 168
        }
    },
    "metadata": {
        "timer_format_version": "0.1.0",
        "start_time_seconds": "1612794997",
        "python_version": "3.6.12 |Anaconda, Inc.| (default, Sep  9 2020, 00:29:25) [MSC v.1916 64 bit (AMD64)]",
        "command_line_arguments": "D:\\projects\\anaconda3\\envs\\ml-agents\\Scripts\\mlagents-learn ./config/FPSAgent.yaml --run-id=fpsagent_raycast_Implse_onlyx_1",
        "mlagents_version": "0.17.0",
        "mlagents_envs_version": "0.17.0",
        "communication_protocol_version": "1.0.0",
        "tensorflow_version": "2.4.0",
        "end_time_seconds": "1612799913"
    },
    "total": 4916.0272911,
    "count": 1,
    "self": 0.005889299999580544,
    "children": {
        "run_training.setup": {
            "total": 0.0216522,
            "count": 1,
            "self": 0.0216522
        },
        "TrainerController.start_learning": {
            "total": 4915.9997496000005,
            "count": 1,
            "self": 97.29648810012259,
            "children": {
                "TrainerController._reset_env": {
                    "total": 11.8631557,
                    "count": 1,
                    "self": 11.8631557
                },
                "TrainerController.advance": {
                    "total": 4806.578125899879,
                    "count": 366973,
                    "self": 3.682973299785772,
                    "children": {
                        "env_step": {
                            "total": 4802.895152600093,
                            "count": 366973,
                            "self": 4505.281877200072,
                            "children": {
                                "SubprocessEnvManager._take_step": {
                                    "total": 292.87265799992383,
                                    "count": 366973,
                                    "self": 9.861127499968347,
                                    "children": {
                                        "NNPolicy.evaluate": {
                                            "total": 283.0115304999555,
                                            "count": 348457,
                                            "self": 283.0115304999555
                                        }
                                    }
                                },
                                "workers": {
                                    "total": 4.740617400097575,
                                    "count": 366972,
                                    "self": 0.0,
                                    "children": {
                                        "worker_root": {
                                            "total": 4894.540815800129,
                                            "count": 366972,
                                            "is_parallel": true,
                                            "self": 748.8673536001788,
                                            "children": {
                                                "steps_from_proto": {
                                                    "total": 0.0033769,
                                                    "count": 1,
                                                    "is_parallel": true,
                                                    "self": 0.0012729,
                                                    "children": {
                                                        "_process_vector_observation": {
                                                            "total": 0.002104,
                                                            "count": 2,
                                                            "is_parallel": true,
                                                            "self": 0.002104
                                                        }
                                                    }
                                                },
                                                "UnityEnvironment.step": {
                                                    "total": 4145.67008529995,
                                                    "count": 366972,
                                                    "is_parallel": true,
                                                    "self": 29.637108599972635,
                                                    "children": {
                                                        "UnityEnvironment._generate_step_input": {
                                                            "total": 20.962281399809754,
                                                            "count": 366972,
                                                            "is_parallel": true,
                                                            "self": 20.962281399809754
                                                        },
                                                        "communicator.exchange": {
                                                            "total": 4004.7793869000357,
                                                            "count": 366972,
                                                            "is_parallel": true,
                                                            "self": 4004.7793869000357
                                                        },
                                                        "steps_from_proto": {
                                                            "total": 90.29130840013215,
                                                            "count": 366972,
                                                            "is_parallel": true,
                                                            "self": 45.705662200079026,