{
    "name": "root",
    "gauges": {
        "FPSAgent.Policy.Entropy.mean": {
            "value": 0.9339311122894287,
            "min": 0.8291407227516174,
            "max": 2.8895320892333984,
            "count": 1000
        },
        "FPSAgent.Environment.EpisodeLength.mean": {
            "value": 999.0,
            "min": 34.8,
            "max": 999.0,
            "count": 670
        },
        "FPSAgent.Policy.ExtrinsicValueEstimate.mean": {
            "value": -0.9982654452323914,
            "min": -3.4983253479003906,
            "max": -0.24421106278896332,
            "count": 1000
        },
        "FPSAgent.Environment.CumulativeReward.mean": {
            "value": -10.000000715255737,
            "min": -286.00004386901855,
            "max": -9.953002166748046,
            "count": 671
        },
        "FPSAgent.Policy.ExtrinsicReward.mean": {
            "value": -10.000000715255737,
            "min": -286.00004386901855,
            "max": -9.953002166748046,
            "count": 671
        },
        "FPSAgent.IsTraining.mean": {
            "value": 1.0,
            "min": 1.0,
            "max": 1.0,
            "count": 1000
        },
        "FPSAgent.Losses.ValueLoss.mean": {
            "value": 1.3187491276767105e-06,
            "min": 9.003019840747584e-07,
            "max": 41.98026657104492,
            "count": 481
        },
        "FPSAgent.Losses.PolicyLoss.mean": {
            "value": 0.14161130785942078,
            "min": 0.05197123810648918,
            "max": 0.16026563942432404,
            "count": 481
        },
        "FPSAgent.Policy.LearningRate.mean": {
            "value": 2.4189216674130876e-07,
            "min": 2.4189216674130876e-07,
            "max": 0.00029935434577055275,
            "count": 481
        },
        "FPSAgent.Policy.Epsilon.mean": {
            "value": 0.10008059442043304,
            "min": 0.10008059442043304,
            "max": 0.1997847706079483,
            "count": 481
        },
        "FPSAgent.Policy.Beta.mean": {
            "value": 1.4021808055986185e-05,
            "min": 1.4021808055986185e-05,
            "max": 0.004989261738955975,
            "count": 481
        }
    },
    "metadata": {
        "timer_format_version": "0.1.0",
        "start_time_seconds": "1612365013",
        "python_version": "3.6.12 |Anaconda, Inc.| (default, Sep  9 2020, 00:29:25) [MSC v.1916 64 bit (AMD64)]",
        "command_line_arguments": "D:\\projects\\anaconda3\\envs\\ml-agents\\Scripts\\mlagents-learn ./config/FPSAgent.yaml --run-id=fpsagent_4",
        "mlagents_version": "0.17.0",
        "mlagents_envs_version": "0.17.0",
        "communication_protocol_version": "1.0.0",
        "tensorflow_version": "2.4.0",
        "end_time_seconds": "1612366799"
    },
    "total": 1786.7180789000001,
    "count": 1,
    "self": 0.5264621000001171,
    "children": {
        "run_training.setup": {
            "total": 0.0095375,
            "count": 1,
            "self": 0.0095375
        },
        "TrainerController.start_learning": {
            "total": 1786.1820793,
            "count": 1,
            "self": 53.23437039997157,
            "children": {
                "TrainerController._reset_env": {
                    "total": 6.9499398,
                    "count": 1,
                    "self": 6.9499398
                },
                "TrainerController.advance": {
                    "total": 1725.7556543000285,
                    "count": 111939,
                    "self": 1.4173270000524099,
                    "children": {
                        "env_step": {
                            "total": 1724.338327299976,
                            "count": 111939,
                            "self": 1598.1739569000065,
                            "children": {
                                "SubprocessEnvManager._take_step": {
                                    "total": 124.59593869997883,
                                    "count": 111939,
                                    "self": 4.009032600004417,
                                    "children": {
                                        "NNPolicy.evaluate": {
                                            "total": 120.58690609997441,
                                            "count": 111145,
                                            "self": 120.58690609997441
                                        }
                                    }
                                },
                                "workers": {
                                    "total": 1.5684316999908585,
                                    "count": 111939,
                                    "self": 0.0,
                                    "children": {
                                        "worker_root": {
                                            "total": 1775.6405586000033,
                                            "count": 111939,
                                            "is_parallel": true,
                                            "self": 389.0456714000011,
                                            "children": {
                                                "steps_from_proto": {
                                                    "total": 0.000438,
                                                    "count": 1,
                                                    "is_parallel": true,
                                                    "self": 0.00018440000000000004,
                                                    "children": {
                                                        "_process_vector_observation": {
                                                            "total": 0.0002536,
                                                            "count": 2,
                                                            "is_parallel": true,
                                                            "self": 0.0002536
                                                        }
                                                    }
                                                },
                                                "UnityEnvironment.step": {
                                                    "total": 1386.5944492000021,
                                                    "count": 111939,
                                                    "is_parallel": true,
                                                    "self": 13.286163699934377,
                                                    "children": {
                                                        "UnityEnvironment._generate_step_input": {
                                                            "total": 15.485055300037345,
                                                            "count": 111939,
                                                            "is_parallel": true,
                                                            "self": 15.485055300037345
                                                        },
                                                        "communicator.exchange": {
                                                            "total": 1316.471031100006,
                                                            "count": 111939,
                                                            "is_parallel": true,
                                                            "self": 1316.471031100006
                                                        },
                                                        "steps_from_proto": {
                                                            "total": 41.35219910002439,
                                                            "count": 111939,
                                                            "is_parallel": true,
                                                            "self": 18.049018400007,