{
    "name": "root",
    "metadata": {
        "timer_format_version": "0.1.0",
        "start_time_seconds": "1612364000",
        "python_version": "3.6.12 |Anaconda, Inc.| (default, Sep  9 2020, 00:29:25) [MSC v.1916 64 bit (AMD64)]",
        "command_line_arguments": "D:\\projects\\anaconda3\\envs\\ml-agents\\Scripts\\mlagents-learn ./config/FPSAgent.yaml --run-id=fpsagent_1",
        "mlagents_version": "0.17.0",
        "mlagents_envs_version": "0.17.0",
        "communication_protocol_version": "1.0.0",
        "tensorflow_version": "2.4.0",
        "end_time_seconds": "1612364025"
    },
    "total": 25.0067904,
    "count": 1,
    "self": 0.004695099999999286,
    "children": {
        "run_training.setup": {
            "total": 0.016676399999999997,
            "count": 1,
            "self": 0.016676399999999997
        },
        "TrainerController.start_learning": {
            "total": 24.9854189,
            "count": 1,
            "self": 1.7298977999999856,
            "children": {
                "TrainerController._reset_env": {
                    "total": 5.1298347,
                    "count": 1,
                    "self": 5.1298347
                },
                "TrainerController.advance": {
                    "total": 17.840870900000013,
                    "count": 898,
                    "self": 0.008077100000015491,
                    "children": {
                        "env_step": {
                            "total": 17.832793799999997,
                            "count": 898,
                            "self": 17.027459099999987,
                            "children": {
                                "SubprocessEnvManager._take_step": {
                                    "total": 0.7948224999999862,
                                    "count": 898,
                                    "self": 0.022898600000019975,
                                    "children": {
                                        "NNPolicy.evaluate": {
                                            "total": 0.7719238999999662,
                                            "count": 896,
                                            "self": 0.7719238999999662
                                        }
                                    }
                                },
                                "workers": {
                                    "total": 0.010512200000023064,
                                    "count": 897,
                                    "self": 0.0,
                                    "children": {
                                        "worker_root": {
                                            "total": 19.32392240000002,
                                            "count": 897,
                                            "is_parallel": true,
                                            "self": 3.1574789000000365,
                                            "children": {
                                                "steps_from_proto": {
                                                    "total": 0.003717,
                                                    "count": 1,
                                                    "is_parallel": true,
                                                    "self": 0.0015383999999999992,
                                                    "children": {
                                                        "_process_vector_observation": {
                                                            "total": 0.0021786000000000006,
                                                            "count": 2,
                                                            "is_parallel": true,
                                                            "self": 0.0021786000000000006
                                                        }
                                                    }
                                                },
                                                "UnityEnvironment.step": {
                                                    "total": 16.16272649999998,
                                                    "count": 897,
                                                    "is_parallel": true,
                                                    "self": 0.06955879999991055,
                                                    "children": {
                                                        "UnityEnvironment._generate_step_input": {
                                                            "total": 0.058861700000013784,
                                                            "count": 897,
                                                            "is_parallel": true,
                                                            "self": 0.058861700000013784
                                                        },
                                                        "communicator.exchange": {
                                                            "total": 15.82286630000002,
                                                            "count": 897,
                                                            "is_parallel": true,
                                                            "self": 15.82286630000002
                                                        },
                                                        "steps_from_proto": {
                                                            "total": 0.21143970000003542,
                                                            "count": 897,
                                                            "is_parallel": true,
                                                            "self": 0.10927350000002534,
                                                            "children": {
                                                                "_process_vector_observation": {
                                                                    "total": 0.10216620000001009,
                                                                    "count": 1794,
                                                                    "is_parallel": true,
                                                                    "self": 0.10216620000001009
                                                                }
                                                            }
                                                        }
                                                    }
                                                }
                                            }
                                        }
                                    }
                                }
                            }
                        }
                    }
                },
                "trainer_threads": {
                    "total": 2.1000000000270802e-05,
                    "count": 1,
                    "self": 2.1000000000270802e-05,
                    "children": {
                        "thread_root": {
                            "total": 0.0,
                            "count": 0,
                            "is_parallel": true,
                            "self": 0.0,
                            "children": {
                                "trainer_advance": {
                                    "total": 17.968781299999957,
                                    "count": 8925,
                                    "is_parallel": true,
                                    "self": 0.22932139999987555,
                                    "children": {
                                        "process_trajectory": {
                                            "total": 17.73945990000008,
                                            "count": 8925,
                                            "is_parallel": true,